Lambda,Accuracy,Sparsity
0.0001,48.84,11.819423252975282
0.001,46.9,13.708040891058895
0.01,38.9,13.9589563625267
